keyword,page,title,author,bvid,aid,pub_ts,pub_time,duration,danmaku,like,view,favorite,type_name,tag,description,link
六级,1,考前50分-四六级必考词汇预测 考前必备词汇,我是瑞斯拜,BV1vNm4BDEKC,115694070990685,1765351826.0,2025-12-10 15:30:26,25:18,385,4615,71458,6299.0,校园学习,"四六级,六级,四级,词汇","夸克链接：https://pan.quark.cn/s/5d81ea942f63
摆渡: https://pan.baidu.com/s/1iajMYUBGQFXbld_NXW_ORA 提取码: gslj",https://www.bilibili.com/video/BV1vNm4BDEKC
六级,1,【非标题党】四六级单词预测：听力+阅读 必考词汇，词组大搭配+熟词僻义 一网打尽！,Roy大表哥,BV1Kq2SBNEdW,115687561501992,1765270800.0,2025-12-09 17:00:00,13:46,516,1229,21312,2685.0,校园学习,"四六级,六级,四级,四级听力,六级阅读,六级听力,四级阅读,四级预测,六级预测,四六级备战攻略","15小时【速刷六级核心词】课程我会放在置顶评论，大家在小店里也能找到~

其他免费干货方法论视频：
（1）议论文模板：BV1Gx4y1T7tn
（2）图表作文模板：BV13j411378H
（3）应用文模板：BV1aN411C7fJ

（4）翻译句型模板：BV1Xt4y1n7np

（5）阅读方法论合集：BV1EP411B7DB",https://www.bilibili.com/video/BV1Kq2SBNEdW
六级,1,【B站最全CET6合集】历年大学英语六级听力真题 | 原文＆英文字幕,幼稚园大队长丨,BV1Zu411x7k4,528927079,1684773814.0,2023-05-23 00:43:34,1219:38,277,63932,4380267,156153.0,校园学习,"六级,英语听力,CET6,大学英语六级,六级听力,英语六级听力,是老师，也是UP主！","中英字幕：https://www.bilibili.com/video/BV13U5GzuEci
更多学习好物在小店！
购买链接：https://b23.tv/mall-YE6m-pD33",https://www.bilibili.com/video/BV1Zu411x7k4
六级,1,【四六级考前急救】四六级各个题型我们还能怎样多得两分？？,考研英语大雁,BV1Pxm4BTEme,115693919930846,1765349472.0,2025-12-10 14:51:12,26:40,222,1465,16420,1262.0,校园学习,"英语,考试,大学生,四六级,六级,四级,刘晓艳,四六级备战攻略,四级英语备考","听力+阅读+翻译+写作，我们还能怎样多得两分？
每个题型分配多长时间？？",https://www.bilibili.com/video/BV1Pxm4BTEme
六级,1,四六级翻译啥也不会没空背？看完保你考场丝滑下笔！,Econmedian,BV1Be2UB7EKg,115687980930985,1765258735.0,2025-12-09 13:38:55,12:13,1,437,9403,716.0,校园学习,"英语,四六级,六级,四级,六级阅读,四级翻译,六级翻译,四级阅读,四六级翻译,2025年12月四六级",,https://www.bilibili.com/video/BV1Be2UB7EKg
六级,1,【最新版】2025年12月英语六级刘晓燕保命班【CET6急救班】完整版附讲义,老李头CET,BV1F62RBqE2Z,115673569170305,1765066680.0,2025-12-07 08:18:00,2203:50,213,978,48370,1829.0,校园学习,"英语,四六级,最新版,英语六级,英语学习,六级考试,六级全程班,六级保命班,六级救命班,六级急救班",CET,https://www.bilibili.com/video/BV1F62RBqE2Z
六级,1,啥也不会，半个小时过四六级！（全网最简单粗暴能提分的四六级方法）,考研英语谭剑波,BV1uqMczxEJw,114669855443847,1749723825.0,2025-06-12 18:23:45,30:18,10779,29675,856833,45407.0,校园学习,"大学,英语,考试,四六级,六级,四级,方法论,六级听力,四六级听力,bilibili期末季",,https://www.bilibili.com/video/BV1uqMczxEJw
六级,1,四六级听力4天自救：听不懂也能蒙对！极限备考也有稳定回报！,Econmedian,BV1Tr26B6EKm,115682679264229,1765177976.0,2025-12-08 15:12:56,9:18,3,376,7727,529.0,校园学习,"听力,英语,四六级,六级,四级,四级听力,六级作文,六级听力,四六级作文,四级作文模版",,https://www.bilibili.com/video/BV1Tr26B6EKm
六级,1,【合集】【六级听力】三小时带你搞定六级听力！全网最简单粗暴能提分的六级教程！,烤鸭TV,BV1cr4y1c7nZ,755348791,1605403810.0,2020-11-15 09:30:10,135:15,342269,612144,13564295,800739.0,校园学习,"英语,四六级,雅思,六级听力","6课时提升六级听力分数，学好这套就够了！ 我们不讲没用的 ，只讲千锤百炼能提分的方法！ 

教程对应的课件获取，【公众号：烤鸭TV 】后台回复：六级听力讲义",https://www.bilibili.com/video/BV1cr4y1c7nZ
六级,1,不用背模板！一个视频让你高分拿下六级写作 写译197分高手超详细分解教学,爱吃蕃茄鸡蛋仔,BV14FCgBLEck,115548008488824,1763122867.0,2025-11-14 20:21:07,61:50,633,6477,151237,12228.0,校园学习,"高手,英语,考试,学习,高分,大佬,六级,作文,英语学习,万物研究所","还在为写不出作文而担忧吗？
看这一个视频就够了 看完马上就能明白~
不用背模板...不用背单词...
写译197高分大佬为你详细拆解分析四六级作文该怎么写！",https://www.bilibili.com/video/BV14FCgBLEck
六级,1,四六级写作、阅读、听力、翻译做题方法和技巧,晓艳老师带你过四级,BV1dL2LBnENE,115666237588775,1764926940.0,2025-12-05 17:29:00,23:23,236,10419,146847,10537.0,校园学习,"大学,英语,技巧,方法,四六级,六级,四级,写作,刘晓艳,学丞",,https://www.bilibili.com/video/BV1dL2LBnENE
六级,1,25 下 六级翻译预测冲刺五篇-第一篇 数字化转型,我是瑞斯拜,BV1w4SqBPEux,115639058434416,1764512604.0,2025-11-30 22:23:24,21:30,2871,6542,314415,7764.0,校园学习,"视频,四级,四级作文,短视频平台,四级作文预测,四级作文押题",一共五篇都会更新在这个合集里面， 范文分为两种 一种是套模板的范文 一种是高水平范文,https://www.bilibili.com/video/BV1w4SqBPEux
六级,1,25下 六作文模板课  第一讲 考什么 怎么套,我是瑞斯拜,BV1Y71XBDE2r,115513145494057,1762590874.0,2025-11-08 16:34:34,18:50,1236,11989,589395,21564.0,校园学习,"四六级,四级,作文,小众,模板,作文模板",,https://www.bilibili.com/video/BV1Y71XBDE2r
六级,1,【最新版】2025年12月刘晓燕英语六级保命班【CET4急救班】附讲义！恭喜上岸！,LLM开发者,BV12HmsBwEjE,115693064428157,1765338670.0,2025-12-10 11:51:10,549:40,25,260,5160,323.0,计算机技术,"英语,四六级,六级,四级,英语六级,英语学习,六级词汇,六级阅读,六级听力,讲义",,https://www.bilibili.com/video/BV12HmsBwEjE
六级,1,四六级活命时间表！每天只做一件事，周六稳稳高分过！,Econmedian,BV1dkmsB2EzA,115693164959508,1765338014.0,2025-12-10 11:40:14,3:18,0,253,3435,169.0,日常,"四六级,六级,四级,四级听力,六级阅读,六级听力,四级翻译,六级翻译,四级阅读,四六级作文",,https://www.bilibili.com/video/BV1dkmsB2EzA
六级,1,（无脑操作 通用）四六级听力根本听不懂他在讲啥  考了200分的方法,Real沽僮,BV1VwmwB2EYZ,115677914532463,1765105111.0,2025-12-07 18:58:31,7:22,48,1874,50859,3437.0,校园学习,"听力,英语,考试,方法,四六级,六级,四级,六级听力,四六级听力",-,https://www.bilibili.com/video/BV1VwmwB2EYZ
六级,1,【674分】四六级作文万能思路/理由：2个口诀，100%套出任何题！,Roy大表哥,BV172mbBhEsg,115694792415237,1765364227.0,2025-12-10 18:57:07,11:44,2,39,1346,49.0,校园学习,"英语,四六级,六级,四级,四级写作,四级作文,六级作文,六级写作,泛知识能量站","15小时【速刷六级核心词】课程我会放在置顶评论，大家在小店里也能找到~

其他免费干货方法论视频：
（1）议论文模板：BV1Gx4y1T7tn
（2）图表作文模板：BV13j411378H
（3）应用文模板：BV1aN411C7fJ

（4）翻译句型模板：BV1Xt4y1n7np

（5）阅读方法论合集：BV1EP411B7DB",https://www.bilibili.com/video/BV172mbBhEsg
六级,1,【限时5折】英语零基础直达六级,英语老师Freya,,811,,,,0,0,4616923,,ketang,,,
六级,1,分享一下我学习英语的心路历程（顺带查六级分数）,北斗导航Compass,BV1HA411c7hM,335116795,1629977901.0,2021-08-26 19:38:21,23:24,2789,13200,378483,1585.0,校园学习,"学习,学习心得,英语,学生党,四六级,六级,四级",今天六级出分，查个成绩，拍条视频。,https://www.bilibili.com/video/BV1HA411c7hM
六级,1,"六级听力纯蒙上140，不能保证你上150,130、140不是问题",六级xie教头头,BV1Na7DzLEG9,114613349784595,1748883230.0,2025-06-03 00:53:50,22:5,15599,127189,2701944,141717.0,校园学习,"听力,英语,学习,四六级,六级,六级听力,万物研究所,2025科学很可爱",六级听力纯蒙技巧，考上140不是问题，150、160可以划走了,https://www.bilibili.com/video/BV1Na7DzLEG9
六级,1,别等四六级考完之后，才发现这个超有效的阅读提分方法！,Econmedian,BV1V5UfYEE1R,113509325084618,1732016308.0,2024-11-19 19:38:28,27:13,410,5263,95109,6152.0,校园学习,"英语,大学生,四六级,六级,四级,六级阅读,四级阅读,四六级阅读,四六级阅读技巧,期末生存大作战,学在B站：跟着学就对了",雅思阅读9分，亲测巨有效好上手的四六级阅读技巧，加上最新真题，一起抓住最后的机会提分！！,https://www.bilibili.com/video/BV1V5UfYEE1R
六级,1,考前50分系列-10组最常见的同义替换 写作高级替换词,我是瑞斯拜,BV1Z52QBoEmq,115688635171891,1765268575.0,2025-12-09 16:22:55,10:29,730,5336,106750,7931.0,校园学习,"英语,四六级,六级,四级","某克https://pan.quark.cn/s/5d81ea942f63
某度https://pan.baidu.com/s/14OKs6QdJD4xKRc66JSy4RQ 提取码: BLBL",https://www.bilibili.com/video/BV1Z52QBoEmq
六级,1,十天速通英语六级邪修量化学习法！,小福小福在这里,BV1Av2eBnE21,115660919217841,1764845852.0,2025-12-04 18:57:32,11:1,5,468,14035,878.0,校园学习,"大学,英语,考试",-,https://www.bilibili.com/video/BV1Av2eBnE21
六级,1,1小时狂刷大学六级核心英语2000词，快速记住高效提分！大学六级英语真题核心词汇速记磨耳朵带背,dami224,BV1Aa4y1U7mJ,663534408,1700355900.0,2023-11-19 09:05:00,87:44,3069,21322,370271,33687.0,校园学习,"大学,英语,四六级,六级,背单词,速记,核心词汇,大学六级,磨耳朵,狂背","六级核心词汇PDF文件下载地址：
链接：https://pan.baidu.com/s/1SpFucjiNJmQNyLd1woCLcw?pwd=72yi 
提取码：72yi",https://www.bilibili.com/video/BV1Aa4y1U7mJ
六级,1,【最新版！！】2025年12月刘晓燕英语六级保命班、急救班 全集附讲义,小李四六级,BV1YpUDBnEdK,115610654742521,1764241140.0,2025-11-27 18:59:00,2203:44,6813,8271,446354,21029.0,校园学习,"英语,四六级,六级,英语六级,英语学习,六级词汇,六级听力,六级保命班,六级救命班,六级急救班",CET,https://www.bilibili.com/video/BV1YpUDBnEdK
六级,1,根治四六级听力听不懂！让你的耳朵对答案极度敏感！,Econmedian,BV1gg2jBCELP,115665633546521,1764917627.0,2025-12-05 14:53:47,11:35,2,1022,18424,1916.0,校园学习,"听力,四六级,六级,四级,英语听力,四级单词,四级听力,六级听力,四六级单词,四六级听力",,https://www.bilibili.com/video/BV1gg2jBCELP
六级,1,翻译才是四六级真提分密码！万能保命模版，有手就行！,Econmedian,BV1eyS5BpEgK,115625452116629,1764304718.0,2025-11-28 12:38:38,16:28,103,1130,28061,2025.0,校园学习,"英语,四六级,六级,四级,英语学习,四级作文,六级作文,四级翻译,六级翻译,四六级翻译",,https://www.bilibili.com/video/BV1eyS5BpEgK
六级,1,北斗博士锐评六级不过的同学不要灰心，很多问题是解决不了的,卧龙战神卖课桌凳,BV1xTBjYoERL,113650975186182,1734176326.0,2024-12-14 19:38:46,1:5,11,2681,168920,325.0,人文历史,"北斗,博士,六级,问题,同学,导航,Compass,必剪创作,朱帅臣",-,https://www.bilibili.com/video/BV1xTBjYoERL
六级,2,【四六级】||【仔细阅读】2025年6月六级第一套第1篇,颉斌斌老师,BV1pz2fB9EXZ,115677394436453,1765097172.0,2025-12-07 16:46:12,42:50,116,513,27663,769.0,校园学习,"四六级,六级,四级,颉斌斌",,https://www.bilibili.com/video/BV1pz2fB9EXZ
六级,2,瑞斯拜四六级长篇阅读满分技巧-学不会打我,我是瑞斯拜,BV1Ea411i7Da,212956658,1649250115.0,2022-04-06 21:01:55,22:25,19341,243251,8345962,397621.0,校园学习,"CET4,CET6,四级,六级,四级阅读,长篇阅读,六级阅读,匹配题","整理好的全套课程讲义 作文模板： 收20元费用
唯一淘宝wsrsb.taobao.com 或b站置顶动态扫码直达
或者 微信18108778951或13577629746可获取以下资料
1.2022年最新所有模板及范文（已标记重点脑图）
2.词汇阅读听力写作翻译讲义合集
3.翻译预测,高频考点作文预测，
4.近三十年四六级真题及听力MP3
5.答题卡PDF格式
今年课程更新了新的版本 作文除了用模板写还提供了不用模板写的版本 ，希望大家学习快乐哦。",https://www.bilibili.com/video/BV1Ea411i7Da
六级,2,【英语四级、六级】写作、听力、翻译、阅读得分技巧讲解,英语老师晓艳,BV1mv26BCE1Q,115682746303657,1765179147.0,2025-12-08 15:32:27,29:39,598,5620,183570,6998.0,日常,"大学,英语,四六级,四级,英语学习,刘晓艳,上B站看播客,学丞",,https://www.bilibili.com/video/BV1mv26BCE1Q
六级,2,一星期快速通过四六级方法,涂图图有话说,BV1ua4y1f7Vc,663963828,1701166595.0,2023-11-28 18:16:35,8:22,741,31619,603412,51844.0,校园学习,"英语,考试,方法,六级,四级,快速,通过,CET-4,CET-6,四六级救命",,https://www.bilibili.com/video/BV1ua4y1f7Vc
六级,2,【完整合集】【四六级阅读】全网最简单粗暴能提分的四六级教程！,烤鸭TV,BV1Ly4y1x7y6,802454818,1617760817.0,2021-04-07 10:00:17,148:31,229126,375825,6402489,347036.0,校园学习,"英语,雅思,四六级,考研","6课时提升六级阅读分数，学好这套就够了！ 教程不讲没用的 ，不废话无套路，只讲千锤百炼能提分的方法！  

教程对应的课件获取，【公众号：烤鸭TV 】后台回复：六级阅读

*本系列课已更新4期，后两期将会在近期制作完成后上传本合集",https://www.bilibili.com/video/BV1Ly4y1x7y6
六级,2,四六级考前急救！四六级各题型的做题技巧（写作+听力+阅读+翻译）,晓艳教英语,BV1TsmbB1E7P,115694691682145,1765361367.0,2025-12-10 18:09:27,31:2,5,166,2647,123.0,校园学习,"救命,四六级,六级,四级,经验分享,做题技巧,刘晓艳,四六级备战攻略,四级英语备考",四六级各个题型的做题技巧！帮助你通关四六级！,https://www.bilibili.com/video/BV1TsmbB1E7P
六级,2,请选择你的四六级对手,罗变强同学,BV1vn2QBXEhg,115688567997709,1765267527.0,2025-12-09 16:05:27,0:35,41,9953,159227,222.0,搞笑,"大学,英语,大学生,四六级,六级",-,https://www.bilibili.com/video/BV1vn2QBXEhg
六级,2,六级考试最后一周，来不及直接背这些！,新向标英语,BV1fa2DBxEvs,115689104869331,1765275872.0,2025-12-09 18:24:32,13:31,0,337,3550,512.0,校园学习,"英语,六级,英语学习,六级单词,六级考试,六级高频词汇,六级高频词,六级核心词,六级高频单词,新向标英语",,https://www.bilibili.com/video/BV1fa2DBxEvs
六级,2,四六级写作用模板必死无疑,晓艳初中英语,BV19zq2YpELV,113632822166120,1733899543.0,2024-12-11 14:45:43,6:26,351,17571,770403,7447.0,校园学习,"大学,英语,考试,大学生,四六级,六级,四级,作文,模板,四六级必过,学习UP在B站 · 第1期",,https://www.bilibili.com/video/BV19zq2YpELV
六级,2,没事别考六级,法号观芷,BV1j3411x7Yd,422419605,1639833922.0,2021-12-18 21:25:22,4:5,824,19999,643135,1958.0,日常,"打卡挑战,学习,校园,生活,搞笑,四六级,吐槽",仅针对我自己，其他人请随意去考,https://www.bilibili.com/video/BV1j3411x7Yd
六级,2,为什么12月的四六级比六月的难？？,考研英语大雁,BV1mLGwzPELi,114822175854346,1752055200.0,2025-07-09 18:00:00,1:14,31,4866,246209,903.0,校园学习,"英语,考试,四六级,暑假,经验分享,刘晓艳,暑期规划,四六级备战攻略,bilibili期末季,学丞",为什么12月的四六级比六月的难？？,https://www.bilibili.com/video/BV1mLGwzPELi
六级,2,研究生考六级已崩溃 再也不考了老实了,望天1999,BV19vMUzwECT,114682438360176,1749915551.0,2025-06-14 23:39:11,2:40,23,1113,41479,87.0,日常,"英语,六级,研究生,考研,研究生生活,精神状态",-,https://www.bilibili.com/video/BV19vMUzwECT
六级,2,六级600+，耗时少，上分快的应试备考方法（调高音量加字幕版）,午木木wmm,BV1js4y1x7Ch,948644465,1675268832.0,2023-02-02 00:27:12,11:26,42,3178,75735,5903.0,校园学习,"必剪创作,六级,学习,保研,经验分享,医学生核心竞争力,方法,考试,考研,四六级救命",（这版是调大音量，加了字母的）六级在保研与考研面试中是非常重要的评价指标之一，对医学生尤为重要。头大的是我们平时专业课已经占用了大量的时间，所以想和大家分享这一套占时少的六级经验,https://www.bilibili.com/video/BV1js4y1x7Ch
六级,2,四六级真题还没做？一道题摸清阅读底层方法,Econmedian,BV1GXdoYFEDP,114341307225861,1744710287.0,2025-04-15 17:44:47,25:17,29,606,11920,529.0,校园学习,"英语,四六级,六级,四级,六级阅读,六级单词,春天最是读书天,四级阅读,四六级听力,四六级阅读,2025世界读书日","一节课搞定四六级写作+阅读，四六级最后两个月，一起刷分！
上一节课提供了更新计划和底层方法的原理，感兴趣可以回去翻翻💪",https://www.bilibili.com/video/BV1GXdoYFEDP
六级,2,四六级考前50分系列-必考词汇预测-2025版,我是瑞斯拜,BV1mHMwzsEgp,114669436014585,1749717132.0,2025-06-12 16:32:12,25:23,25724,63176,1112061,45347.0,校园学习,"英语,四六级,六级,四级,词汇,bilibili期末季","相关文档
夸克链接：https://pan.quark.cn/s/5d81ea942f63
百度链接: https://pan.baidu.com/s/1QgSI26Lr6MFdM--gCzVpLA 提取码: BLBL",https://www.bilibili.com/video/BV1mHMwzsEgp
六级,2,【无广干货】六级674分作文模板（2023最新）12句，但万种组合，表达超高级！！| 四六级作文模板，四级写作模板,Roy大表哥,BV1zT411S7uz,481885603,1676430300.0,2023-02-15 11:05:00,7:36,29527,58968,1258168,61478.0,校园学习,"学习帮帮团,四级,六级,四六级,四级作文,六级作文,六级预测,作文模板,六级写作,四级预测","干货观看顺序：
四级高频词带背（100%押中）：BV1ce4y187VY
六级高频词带背（半小时刷完）：BV1vY4y1B7Ah

模板：
议论文模板：BV1434y177ic
应用文：BV1m34y1L7K3
图表类：BV1914y1J7mC
翻译模板：BV1Xt4y1n7np

高分必看：
95组高级替换词：BV1iZ4y147g5",https://www.bilibili.com/video/BV1zT411S7uz
六级,2,12.13英语六级就这14页纸，背完保底500分,芒果不怎甜,BV1KAmxBPEdP,115692879810899,1765333345.0,2025-12-10 10:22:25,11:11,4,59,640,63.0,校园学习,"四六级,六级,英语四六级,英语四级,四级翻译,四六级单词,四六级备考,六级备考,四级备考,四六级攻略",-,https://www.bilibili.com/video/BV1KAmxBPEdP
六级,2,六级刷分的人是真的狗,科研之虎_智罡,BV1Aw411b7HP,324777833,1702722592.0,2023-12-16 18:29:52,0:42,135,5011,310196,335.0,搞笑,"新人,六级,生活记录",-,https://www.bilibili.com/video/BV1Aw411b7HP
六级,2,一个视频讲解如何快速又准确搞定超难六级仔细阅读题,爱吃蕃茄鸡蛋仔,BV1MmypBREZ8,115576630416590,1763559700.0,2025-11-19 21:41:40,41:10,12,756,12300,683.0,校园学习,"英语,学习,四六级,六级,课程,六级阅读,四级阅读,四六级阅读,仔细阅读,万物研究所","很多同学在听完上一期的视频后认为有的文章只好定位很难选出答案
有多位同学向我推荐了这篇2024年6月仔细阅读真题
一起来看看这篇文章到底难在哪？又该如何解决——",https://www.bilibili.com/video/BV1MmypBREZ8
六级,2,“孩子，只要你能学到知识就好，听我的盗版课，永远不用给我交学费！”,英语老师晓艳,BV1R5HpzoExY,115297507876717,1759300506.0,2025-10-01 14:35:06,0:58,668,294456,2365335,33095.0,日常,"知识,盗版,刘晓艳,爱的100种表达方式,学丞",,https://www.bilibili.com/video/BV1R5HpzoExY
六级,2,25 下 六级作文预测第一篇--远程办公,我是瑞斯拜,BV1pkSwBKEVY,115633555507889,1764428624.0,2025-11-29 23:03:44,16:24,626,11366,222760,5620.0,校园学习,"视频,四级,四级作文,短视频平台,四级作文预测,四级作文押题",一共五篇都会更新在这个合集里面， 范文分为两种 一种是套模板的范文 一种是高水平范文,https://www.bilibili.com/video/BV1pkSwBKEVY
六级,2,🐧本周四六级现状🐧,新手童莫离,BV1MGmpB8EtQ,115690447050915,1765296335.0,2025-12-10 00:05:35,0:34,18,3347,41373,298.0,翻唱,"六级,英语四级,英语六级,咕咕嘎嘎,迷途之子,MYGO,高松灯,千早爱音,动画种草激励计划",,https://www.bilibili.com/video/BV1MGmpB8EtQ
六级,2,【六级674阅读满分】仔细阅读SectionC方法论+误区带练，大家冲鸭！！,Roy大表哥,BV16g4y1E7K7,823030370,1678100400.0,2023-03-06 19:00:00,6:55,9999,17178,469253,13804.0,校园学习,"是老师，也是UP主！,六级,四级,四六级,长篇阅读,四级阅读,六级阅读,四级高频词,六级高频词,仔细阅读","2023四六级干货观看顺序
※※※※ 仅限高中单词和语法没问题的小伙伴 ※※※※
※※※※ 高中语法和单词有问题的不要看，自己报班从基础学期吧，加油 ※※※※

【1 写作必看】
 2023议论文模板：BV1zT411S7uz（超级重要！！）
 95组高级替换词：BV1iZ4y147g5（追求高分必看！！）
 万能思路：BV11G4y19749
 最新六级674范文：BV1WM4y1o7eX 四级范文：BV19G4y1J7Pu

学有余力：
 图表类（六级）：BV13j411378H 
 应用文（四级）：",https://www.bilibili.com/video/BV16g4y1E7K7
六级,2,六级＆考研  哪个更难？,考研英语晓燕,BV1P5eRzwEkD,115088514162240,1756111556.0,2025-08-25 16:45:56,1:17,6,1917,71771,215.0,校园学习,"大学,英语,四六级,六级,考研,刘晓艳",六级＆考研 哪个更难？,https://www.bilibili.com/video/BV1P5eRzwEkD
六级,2,听谁讲不是讲 考前突击！02的四六级听力救命技巧，学完考试闭眼过,张张游泳池,BV1DnE1z3E2i,114512183234794,1747391400.0,2025-05-16 18:30:00,11:31,850,73800,1100494,59129.0,校园学习,"听力,考试,技巧,02,分享,英语四级,英语六级,国家队,cos,四六级救命","喜欢或者感觉有帮助请一键三连，感谢关注~（求你了这对我来说很重要T T）
平时是coser，第一产出这种分享向的长视频，有做的不好的地方请委婉的告诉我ww
如果想看更多关于四六级或者考研的备考技巧可以留言私信~
基本情况：四级580+，六级630+，但是这个技巧不管是什么基础的人都可以用！亲测实用！！
防杠六级查分视频：https://www.bilibili.com/video/BV1nt421V7qh/?share_source=copy_web&amp;vd_source=912a9e76e18aee655",https://www.bilibili.com/video/BV1DnE1z3E2i
六级,2,张雪峰，考研四六级没过，直说过了就行，没人会查的。,账号已注销,BV1fM411T7Cg,526648305,1680038420.0,2023-03-29 05:20:20,5:14,6,400,128651,160.0,校园学习,是老师，也是UP主！,-,https://www.bilibili.com/video/BV1fM411T7Cg
六级,3,六级听力唯一提升技巧,吴大嘴-,BV1whkzB9E2C,115528697972223,1762828481.0,2025-11-11 10:34:41,25:27,64,2739,68486,5354.0,校园学习,"听力,英语,六级,宝藏知识UP跃迁计划",相较于阅读来说，听力的训练见效没有那么立竿见影，但是精听绝对是提升的唯一方式，本篇深入剖析了六级听力命题的底层逻辑，总结了听力的常见问题，提供了一套科学的训练方法,https://www.bilibili.com/video/BV1whkzB9E2C
六级,3,同学们，答应我，下个月的四六级考场不要这样好吗？,晓艳教英语,BV1FWywBDEBV,115581495806428,1763633956.0,2025-11-20 18:19:16,0:48,87,23446,224169,1881.0,校园学习,"鬼畜,听力,考试,四六级,刘晓艳,预读,鬼畜星探企划",同学们，答应我，下个月的四六级考场不要这样好吗？,https://www.bilibili.com/video/BV1FWywBDEBV
六级,3,全网讲的最明白的长篇阅读,腐豆干椒尖,BV1Tw2yBXE6R,115684843457124,1765210745.0,2025-12-09 00:19:05,8:38,3,190,5077,406.0,日常,"英语,四六级,六级,四级,六级听力",听完没进步直接骂我,https://www.bilibili.com/video/BV1Tw2yBXE6R
六级,3,《大学英语六级历年真题原文》  越听越清晰 英语听力技巧 真题训练 听力磨耳朵  六级听力备考,一只淮南的橘子,BV1xrSPB1Eky,115636609161346,1764475533.0,2025-11-30 12:05:33,1139:38,36,1794,142865,4509.0,校园学习,"六级,英语听力,大学英语,六级听力,历年真题,四六级备考,听力磨耳朵,四六级备战攻略",加油！,https://www.bilibili.com/video/BV1xrSPB1Eky
六级,3,25下六级作文-- 观点选择,我是瑞斯拜,BV1FpU4BAE1E,115593810283193,1763821897.0,2025-11-22 22:31:37,11:19,205,2066,125645,1459.0,校园学习,"媒体,六级,作文,写作,社交媒体,六级作文",全集更新ING,https://www.bilibili.com/video/BV1FpU4BAE1E
六级,3,四六级10天急救保命计划！去年这样做的都过了！,Econmedian,BV1J72hBNEjR,115658788444674,1764813368.0,2025-12-04 09:56:08,2:10,0,626,7844,561.0,校园学习,"四六级,六级,四级,四级听力,六级阅读,六级听力,四级翻译,六级翻译,四级阅读,四六级作文",,https://www.bilibili.com/video/BV1J72hBNEjR
六级,3,四六级听力蒙题邪修技巧，让你不用听懂也能拿分！！,云顶保研,BV1VdmJBYEjq,115689524300035,1765282709.0,2025-12-09 20:18:29,17:55,0,6,294,15.0,校园学习,"英语,考试,经验分享,四六级备战攻略",-,https://www.bilibili.com/video/BV1VdmJBYEjq
六级,3,四六级拒绝盲目备考！9小时干货得分技巧课助你加分加分再加分！,晓艳老师带你过四级,BV1rT2QBaEeo,115688450558018,1765265742.0,2025-12-09 15:35:42,0:47,0,36,2140,11.0,校园学习,"大学,英语,技巧,单词,四六级,四级,干货,英语学习,刘晓艳,学丞",,https://www.bilibili.com/video/BV1rT2QBaEeo
六级,3,【四六级通用】史上最简洁四六级写作模板，学完直接100分,考研英语谭剑波,BV13NmwByEdx,115677948086514,1765105849.0,2025-12-07 19:10:49,62:46,17,562,12334,1229.0,校园学习,"英语,四六级,六级,四级,英语学习,谭剑波,快速提分,四六级写作,四六级备战攻略,考前救命课",,https://www.bilibili.com/video/BV13NmwByEdx
六级,3,5篇阅读背会六级核心1500词,莲酱爱吃藕片,BV1ysmsBFEuP,115693097976129,1765336733.0,2025-12-10 11:18:53,1:52,0,2,49,6.0,校园学习,"英语,四六级,六级,四级,背单词,考研,考研英语,创作灵感,兴趣一键入坑指南","最后3天，六级请你多刷这5篇阅读！
在阅读理解中背会六级1500词
主题：在高压社会中解决心理健康问题
五篇短文中心词：
1.科技与创新 
2.环境保护
3.教育与个人发展
4.心理健康与社会压力✅
5.全球化与文化多样性",https://www.bilibili.com/video/BV1ysmsBFEuP
六级,3,北大干货*期末忙怎么速通四六级！小众有用,韩一刀耶,BV15x26BDE3M,115682645709069,1765177155.0,2025-12-08 14:59:15,2:12,0,175,1044,45.0,校园学习,"考试,干货,经验分享",哈喽大家！现在大部分大学生正在赶往期末的路上，大学期末是真的很忙很忙！！所以今天想跟大家介绍咱们怎么才能在紧张激烈的期末季也能无痛把四六级考掉，早过早省心！备考其他语言考试的同学也都适用～祝大家学习顺利鸭！,https://www.bilibili.com/video/BV15x26BDE3M
六级,3,【四六级】30分钟极限过四六级！摆烂党直接抄作业，看完直接上考场！,SCI论文达人,BV15PmsBCEQb,115693315953635,1765340202.0,2025-12-10 12:16:42,30:48,2,11,130,16.0,校园学习,"英语,四六级,六级,四级,干货,邪修,一起速通四六级",,https://www.bilibili.com/video/BV15PmsBCEQb
六级,3,2025下半年四六级3小时抢分速成课！挑战3小时通过四六级！听力、阅读、写作等全包括，四六级考前速成核心要点！,数学建模老哥,BV1Y82kBdEeL,115683434306930,1765189335.0,2025-12-08 18:22:15,190:18,2,414,12001,1247.0,校园学习,"四六级,四六级考试,六级听力,四六级听力,四六级注意事项,四六级抢分,四六级速成,四六级考试速成,四六级要点",2025下半年四六级3小时抢分速成课！挑战3小时通过四六级！听力、阅读、写作等全包括，四六级考前速成核心要点！,https://www.bilibili.com/video/BV1Y82kBdEeL
六级,3,还是小作坊下料猛！两小时速通四级翻译计划 不只是固定句型 你要懂底层逻辑与语法--学不会你来打我 在翻译中使用的高级句型,AminosBUD,BV1jy2rB4EgU,115681722897384,1765163597.0,2025-12-08 11:13:17,127:52,26,492,9679,1120.0,校园学习,"翻译,英语,四六级,四级,作文,语法,四级翻译,考前突击,考前速通,宝藏知识UP跃迁计划","终于到了最后一集了，本视频讲解了四级翻译常用的句型和语法以及实战操作。
包括 with复合结构 状语从句 非限制性定语从句和非谓语 在翻译中的使用方法。
非常感谢各位的支持！能够帮助到你真是我莫大的荣幸！

课件下载链接：
链接: https://pan.baidu.com/s/1h61nTh4I-YYjUsQNdqfoWg?pwd=2mpw 提取码: 2mpw",https://www.bilibili.com/video/BV1jy2rB4EgU
六级,3,会预判，六级听力稳上150（长对话篇）,Evan的英语频道,BV1H9S6BGEEM,115641424022475,1764555900.0,2025-12-01 10:25:00,11:25,0,332,7766,741.0,校园学习,"四六级,六级,六级听力,六级听力真题,六级听力技巧,六级听力练习,六级听力长对话,六级听力方法","四六级听力最重要的技巧是根据选项预判问题。

听力最奇特的点在于，问题没有在试卷上给出。它是在材料读完过后，再把问题读出来。这种模式很容易导致，本来材料就没太听懂，后面的问题又没听懂。为了避免脑子宕机，一定要处心积虑、无所不用其极、不惜一切代价抓时间预判题目。给大家提供两条思路。
听力开始前：
1.      试卷发下来后，一般有几分钟的等待时间。这个时间可以抓住，用来浏览听力答案选项。当然，有的考场比较严，不让提前浏览。
2.      考试先写作文，写作时间是30分钟，我一般会提前2分钟写完作文，然后",https://www.bilibili.com/video/BV1H9S6BGEEM
六级,3,四六级最后五节课！写作终极预测，保命过线！,晶婷老师,BV12TyFB9EaW,115580573190554,1763814000.0,2025-11-22 20:20:00,10:56,0,273,7917,362.0,校园学习,"四六级,六级,四级,背单词,英语学习,英语作文,四六级写作,四六级翻译,四六级突击",,https://www.bilibili.com/video/BV12TyFB9EaW
六级,3,一节课搞定四六级翻译必考点,我是瑞斯拜,BV1jZUrBvEPw,115603557911009,1763970919.0,2025-11-24 15:55:19,142:32,11419,22026,611629,39754.0,校园学习,"英语,四六级,六级,四级,六级翻译,四六级翻译",四六级的必考语言点合集 有点长 可以晚自习看,https://www.bilibili.com/video/BV1jZUrBvEPw
六级,3,25下六级长篇阅读五套 第一套,我是瑞斯拜,BV1y7CTBKEyA,115547303838454,1763112376.0,2025-11-14 17:26:16,23:51,358,1005,77084,1009.0,校园学习,"英语,四六级,六级,四级,阅读,长篇阅读",共5篇,https://www.bilibili.com/video/BV1y7CTBKEyA
六级,3,十天备考六级的一个顶级心态【附方法】,王伟呀,BV1NeSpBAEUq,115648168527005,1764651250.0,2025-12-02 12:54:10,3:49,0,253,6766,360.0,日常,"英语,考试,方法,四六级,六级,四级,心态,四六级作文",-,https://www.bilibili.com/video/BV1NeSpBAEUq
六级,3,【四六级救命课】阅读猛料！考前1h突击速提30分！,程思斐考研四六级,BV1xP2kBCEc7,115683719446820,1765193540.0,2025-12-08 19:32:20,51:12,21,156,3170,309.0,校园学习,"技巧,四六级,六级,四级,四六级阅读,四六级速成",程思斐老师四六级考前救命！带你速成425+过级,https://www.bilibili.com/video/BV1xP2kBCEc7
六级,3,邹老师四六级翻译  2025-12-10 文房四宝,邹老师四六级翻译,BV12amHBoE1x,115690681992662,1765323300.0,2025-12-10 07:35:00,45:19,249,935,12624,235.0,校园学习,"大学,英语,四六级,六级,四级,英语学习,四六级翻译",-,https://www.bilibili.com/video/BV12amHBoE1x
六级,3,25下 六级翻译 第一篇 天宫空间站 （基本做题步骤 常考知识点）,我是瑞斯拜,BV16EkQBnEFW,115518547823112,1762673377.0,2025-11-09 15:29:37,27:30,3364,9904,535554,15148.0,校园学习,"翻译,英语,考试,六级,四级,六级翻译",前三讲为新增真题 后面会发合集,https://www.bilibili.com/video/BV16EkQBnEFW
六级,3,邦多利野史：Poppin‘Party考四六级,丿3S,BV1PT2kBrEiJ,115683618723962,1765335600.0,2025-12-10 11:00:00,2:9,103,247,3507,83.0,日常,"BanG Dream!,必剪创作,动画种草激励计划",-,https://www.bilibili.com/video/BV1PT2kBrEiJ
六级,3,“我四级考了6次，考研考了三次，我也感觉自己是个废物”,龙哥考研派,BV1yC411H7MT,1951167760,1708996472.0,2024-02-27 09:14:32,3:23,187,10905,429731,5926.0,校园学习,"大学,英语,考试,四级,考研,废物,哔哩哔哩开学季,打卡！我的新学期",四六级,https://www.bilibili.com/video/BV1yC411H7MT
六级,3,无偿分享  小众四六级作文模版,Real沽僮,BV1FcmJB3E6A,115690128345690,1765291777.0,2025-12-09 22:49:37,6:29,0,56,1009,76.0,校园学习,"考试,方法,四六级,六级,小众,写作,模版,模板,经验分享",-,https://www.bilibili.com/video/BV1FcmJB3E6A
